tool_state,count,mean,std,min,median,max
new,499,5682.6492985971945,248.0841272457271,5410,5466.0,5967
wear,499,5683.034068136272,247.96654304069662,5464,5467.0,5975
