{
  "length_x": 0.186,
  "outer_side": 0.062,
  "blue_core_side": 0.05156,
  "outer_half": 0.031,
  "blue_half": 0.02578,
  "wall_thickness": 0.005219999999999999,
  "channel_height": 0.062,
  "target_dx": 0.0005,
  "nx": 372,
  "n_core": 103,
  "n_wall": 38,
  "actual_dx_x": 0.0005,
  "actual_dx_core": 0.0005005825242718446,
  "U_bulk": 20.0,
  "nu": 1.86e-05,
  "y_plus_wall": 0.35,
  "Re_bulk": 66666.66666666666,
  "cf_bulk": 0.004543030734205891,
  "darcy_lambda": 0.018172122936823566,
  "u_tau": 0.9532083438793316,
  "first_wall_cell_center": 6.829566738270299e-06,
  "first_wall_cell_thickness": 1.3659133476540599e-05,
  "wall_cell_to_cell_ratio": 1.1,
  "wall_total_ratio": 34.00394858615784,
  "wall_end_cell": 0.00046446447246775393,
  "wall_total_thickness_check": 0.004972517862379883,
  "wall_mode": "solved_n__fixed_cell_ratio"
}